file_name,timestamp,summary
human_chat.txt,2026-03-08 09:30:35,"The speakers discuss their plans for the upcoming holiday season, including a trip to a restaurant and a baking project. They express their love for rainforest and their desire to decorate their Christmas trees with LED lights. They also discuss their past experiences with a scam and their current job as a mentor. They talk about their past experiences with a scam and their love for science and literature. They discuss their plans for Christmas activities, past experiences with mental health and family, and their plans for a skydiving lesson. They also talk about their love for hot chocolate and their plans for the upcoming meal."
human_chat.txt,2026-03-08 10:00:32,"The speakers discuss their plans for the upcoming holiday season, including a trip to a restaurant and a baking project. They express their love for architecture, literature, and their desire to decorate their Christmas trees with LED lights. They also discuss their past experiences with a scam and their current job as a mentor. They express their love for history, literature, and Korean street foods, and their desire to live for the best possible life. They also discuss their plans for Christmas activities, including skydiving lessons and a work meeting. They mention a book called Zero to One by Peter Thiel and its benefits for sleeping, and discuss safety concerns for mountain climbing."
conversation.txt,2026-03-08 10:07:37,"John calls TechFinancial because he is having trouble logging into his account. Sarah, the representative, explains that the account was locked and sends a password reset link to John's email. After John logs in, Sarah unlocks his account and sends a new password reset link to his email. John thanks Sarah and says she has an important meeting in an hour. Sarah assures him that the reset link will be sent soon and the account will be unlocked."
chat.txt,2026-03-13 16:47:19,"Summary failed: HTTPSConnectionPool(host='api.deepgram.com', port=443): Max retries exceeded with url: /v1/read?summarize=true&language=en (Caused by NameResolutionError(""HTTPSConnection(host='api.deepgram.com', port=443): Failed to resolve 'api.deepgram.com' ([Errno 11002] getaddrinfo failed)""))"
human_chat.txt,2026-03-13 16:48:15,"The speakers discuss their plans for the upcoming holiday season, including a trip to a restaurant and a baking project. They express their love for rainforesting and their desire to decorate their home with art. They also discuss their love for plumbing, past experiences with a scam, and their social media post. They end with a brief discussion about their social media post and their feelings about the situation. They also talk about their plans for Christmas activities, activities for dinner, and activities for the upcoming weekend. They mention their love for historical sites and their preference for places to visit. They also discuss their plans for Christmas activities, activities for dinner, and activities for the upcoming weekend."
chat.txt,2026-03-13 16:48:50,"Sarah asks Mike about his current CRM and how many hours he lost due to data entry. Mike says it is too expensive and too time consuming, but they discuss the integration of automation features and how it integrates with email systems. They also discuss a native integration for [Quad Tool] and a 5-minute screen share to show the client data. Sarah offers to send an invoice and a calendar link for onboarding sessions."
chat.txt,2026-03-13 16:49:47,"Sarah asks Mike about his current CRM and how many hours he lost due to data entry. Mike says it is too expensive and too time consuming, but they discuss the integration of automation features and how it integrates with email systems. They also discuss a native integration for [Quad Tool] and a 5-minute screen share to show the client data. Sarah offers to send an invoice and a calendar link for onboarding sessions."
human_chat.txt,2026-03-13 16:50:03,"The speakers discuss their plans for the upcoming holiday season, including plans for a trip to a baking project, home decorating with LED lights, staying healthy, and seeing snowflakes. They express their love for various topics including science, art, and technology, and their desire to get a massage. They also discuss their plans for Christmas activities, past experiences with a scam, and their love for Korean street foods. They share their plans for a skydiving lesson and express interest in learning about the benefits of smoking and drinking. They also discuss their love for Korean street foods and their desire to drink hot chocolate. They mention their plans for a skydiving lesson and express interest in learning about safety concerns for mountain climbing."
chat.txt,2026-03-13 17:04:23,"Sarah asks Mike about his current CRM and how many hours he lost due to data entry. Mike says it is too expensive and too time consuming, but they discuss the integration of automation features and how it integrates with email systems. They also discuss a native integration for [Quad Tool] and a 5-minute screen share to show the client data. Sarah offers to send an invoice and a calendar link for onboarding sessions."
chat.txt,2026-03-13 17:09:25,"Summary failed: HTTPSConnectionPool(host='api.deepgram.com', port=443): Max retries exceeded with url: /v1/read?summarize=true&language=en (Caused by NameResolutionError(""HTTPSConnection(host='api.deepgram.com', port=443): Failed to resolve 'api.deepgram.com' ([Errno 11002] getaddrinfo failed)""))"
chat.txt,2026-03-13 17:10:43,"Summary failed: HTTPSConnectionPool(host='api.deepgram.com', port=443): Max retries exceeded with url: /v1/read?summarize=true&language=en (Caused by NameResolutionError(""HTTPSConnection(host='api.deepgram.com', port=443): Failed to resolve 'api.deepgram.com' ([Errno 11002] getaddrinfo failed)""))"
chat.txt,2026-03-13 17:13:47,"Sarah asks Mike about his current CRM and how many hours he lost due to data entry. Mike says it is too expensive and too time consuming, but they discuss the integration of automation features and how it integrates with email systems. They also discuss a native integration for [Quad Tool] and a 5-minute screen share to show the client data. Sarah offers to send an invoice and a calendar link for onboarding sessions."
chat.txt,2026-03-13 17:19:19,"Summary failed: HTTPSConnectionPool(host='api.deepgram.com', port=443): Max retries exceeded with url: /v1/read?summarize=true&language=en (Caused by NameResolutionError(""HTTPSConnection(host='api.deepgram.com', port=443): Failed to resolve 'api.deepgram.com' ([Errno 11002] getaddrinfo failed)""))"
chat.txt,2026-03-13 18:16:57,"Sarah asks Mike about his current CRM and how many hours he lost due to data entry. Mike says it is too expensive and too time consuming, but they discuss the integration of automation features and how it integrates with email systems. They also discuss the potential for automation and scheduling an onboarding session."
human_chat.txt,2026-03-13 18:17:33,"The speakers discuss their plans for the upcoming holiday season, including a trip to a restaurant and a baking project. They express their love for rainforest and their desire to go to Hawaii for Christmas tree decorations. They share their past experiences with a scam and their current job as a mentor. They discuss their plans for Christmas activities, including movie tickets and staying at a Disney resort, and their love for Korean street foods and avoiding smoking. They also mention their desire to go to Europe or the US and their plans for France."
chat.txt,2026-03-13 18:27:24,"Summary failed: HTTPSConnectionPool(host='api.deepgram.com', port=443): Max retries exceeded with url: /v1/read?summarize=true&language=en (Caused by NameResolutionError(""HTTPSConnection(host='api.deepgram.com', port=443): Failed to resolve 'api.deepgram.com' ([Errno 11002] getaddrinfo failed)""))"
human_chat.txt,2026-03-13 18:28:07,"The speakers discuss their plans for the upcoming holiday season, including plans for a trip to a restaurant and a baking project. They express their love for rainforest and their desire to go to Hawaii for Christmas tree decorations. They also discuss their weekend plans, expressing their love for New York and Paris, their plans for Christmas activities, and their love for Korean street foods and their desire to show love to the greatest capacity they can. They also talk about their plans for the upcoming holiday season, including staying at home and wanting to be a part-time employee. They express their love for ping-pong and their plans to go deep sea fishing. They also discuss their plans for Christmas activities, their love for acupuncture, and their plans for the upcoming weekend. They end the conversation by discussing their plans for the upcoming holiday season and their love for the US."
chat.txt,2026-03-13 19:02:28,"Sarah asks Mike about his current CRM and how many hours he lost due to data entry. Mike says it is too expensive and too time consuming, but they discuss the integration of automation features and how it integrates with email systems. They also discuss a native integration for [Quad Tool] and a 5-minute screen share to show the client data. Sarah offers to send an invoice and a calendar link for onboarding sessions."
chat.txt,2026-03-13 19:19:00,"Summary failed: HTTPSConnectionPool(host='api.deepgram.com', port=443): Max retries exceeded with url: /v1/read?summarize=true&language=en (Caused by NameResolutionError(""HTTPSConnection(host='api.deepgram.com', port=443): Failed to resolve 'api.deepgram.com' ([Errno 11002] getaddrinfo failed)""))"
human_chat.txt,2026-03-18 09:58:39,"The speakers discuss their plans for the upcoming holiday season, including staying at home and decorating with a tree, their love for rainforest, and their desire to go to a Christmas tree decoration. They also talk about their past experiences with a scam and their current job as a mentor. They express their love for history and architecture, their desire to eat keto, and their plans for the upcoming holiday season, including staying at home and traveling to Mexico. They also discuss their plans for Christmas activities, their love for hot chocolate, and their plans for the upcoming weekend."
chat.txt,2026-03-18 09:59:15,"Sarah asks Mike about his current CRM and how many hours he lost due to data entry. Mike says it is too expensive and too time consuming, but they discuss the integration of automation features and how it integrates with email systems. They also discuss a native integration for [Quad Tool] and a 5-minute screen share to show the client data. Sarah offers to send an invoice and a calendar link for onboarding sessions."
chat.txt,2026-03-19 17:28:36,"Sarah asks Mike about his current CRM and how many hours he lost due to data entry. Mike says it is too expensive and too time consuming, but they discuss the integration of automation features and how it integrates with email systems. They also discuss a native integration for [Quad Tool] and a 5-minute screen share to show the client data. Sarah offers to send an invoice and a calendar link for onboarding sessions."
chat.txt,2026-03-19 17:39:58,"Sarah asks Mike about his current CRM and how many hours he lost due to data entry. Mike says it is too expensive and too time consuming, but they discuss the integration of automation features and how it integrates with email systems. They also discuss a native integration for [Quad Tool] and a 5-minute screen share to show the client data. Sarah offers to send an invoice and a calendar link for onboarding sessions."
chat.txt,2026-03-19 17:40:17,"Sarah asks Mike about his current CRM and how many hours he lost due to data entry. Mike says it is too expensive and too time consuming, but they discuss the integration of automation features and how it integrates with email systems. They also discuss a native integration for [Quad Tool] and a 5-minute screen share to show the client data. Sarah offers to send an invoice and a calendar link for onboarding sessions."
chat.txt,2026-03-19 17:55:40,"Sarah asks Mike about his current CRM and how many hours he lost due to data entry. Mike says it is too expensive and too time consuming, but they discuss the integration of automation features and how it integrates with email systems. They also discuss a native integration for [Quad Tool] and a 5-minute screen share to show the client data. Sarah offers to send an invoice and a calendar link for onboarding sessions."
human_chat.txt,2026-03-19 17:56:04,"The speakers discuss their plans for the upcoming holiday season, including plans for a trip to a restaurant and a baking project. They express their love for rainforest and their desire to spend time at home, while also discussing their love for traditional baking cookies and their desire to go out. They share their plans for the upcoming holiday season, including their desire to go to Hawaii, their love for movies, music, and their favorite activities. They also discuss their past experiences with a scam and their current job as a mentor. They share their plans for Christmas activities, staying at home, and their love for Korean street foods. They also talk about their past experiences with a scam and their favorite foods, including smoking and drinking. They mention their plans for the upcoming weekend, including plans to travel to France and discuss their background as a comic comic expert."
chat.txt,2026-03-20 10:37:24,"Sarah asks Mike about his current CRM and how many hours he lost due to data entry. Mike says it is too expensive and too time consuming, but they discuss the integration of automation features and how it integrates with email systems. They also discuss a native integration for [Quad Tool] and a 5-minute screen share to show the client data. Sarah offers to send an invoice and a calendar link for onboarding sessions."
chat.txt,2026-03-20 14:06:02,"Sarah asks Mike about his current CRM and how many hours he lost due to data entry. Mike says it is too expensive and too time consuming, but they discuss the integration of automation features and how it integrates with email systems. They also discuss the potential for automation and scheduling an onboarding session."
human_chat.txt,2026-03-20 15:26:50,"The speakers discuss their plans for the upcoming holiday season, including a trip to a restaurant and a baking project. They express their love for rainforest, decorating Christmas trees with LED lights, and staying healthy during holidays. They also discuss their favorite sports, favorite foods, and their desire to go outdoorsy. They share their experiences with mental health and smoking, recommend certain foods and foods, and discuss plans for Christmas activities and travel plans. They also talk about their background as a comicidget and their love for eating at a restaurant, as well as their plans for Christmas celebrations and plans to travel to Mexico."
chat.txt,2026-03-20 16:00:05,"Sarah asks Mike about his current CRM and how many hours he lost due to data entry. Mike says it is too expensive and too time consuming, but they discuss the integration of automation features and how it integrates with email systems. They also discuss a native integration for [Quad Tool] and a 5-minute screen share to show the client data. Sarah offers to send an invoice and a calendar link for onboarding sessions."
chat.txt,2026-03-20 17:10:04,"Sarah asks Mike about his current CRM and how many hours he lost due to data entry. Mike says it is too expensive and too time consuming, but they discuss the integration of automation features and how it integrates with email systems. They also discuss a native integration for [Generation tool] and a 5-minute screen share to show the client data. Sarah offers to send an invoice and a calendar link for onboarding sessions."
chat.txt,2026-03-20 17:45:41,"Sarah asks Mike about his current CRM and how many hours he lost due to data entry. Mike says it is too expensive and too time consuming, but they discuss the integration of automation features and how it integrates with email systems. They also discuss a native integration for [Quad Tool] and a 5-minute screen share to show the client data. Sarah offers to send an invoice and a calendar link for onboarding sessions."
chat.txt,2026-03-20 17:46:38,"Sarah asks Mike about his current CRM and how many hours he lost due to data entry. Mike says it is too expensive and too time consuming, but they discuss the integration of automation features and how it integrates with email systems. They also discuss a native integration for [Quad Tool] and a 5-minute screen share to show the client data. Sarah offers to send an invoice and a calendar link for onboarding sessions."
chat.txt,2026-03-24 09:09:13,"Sarah asks Mike about his current CRM and how many hours he lost due to data entry. Mike says it is too expensive and too time consuming, but they discuss the integration of automation features and how it integrates with email systems. They also discuss a native integration for [Generation tool] and a 5-minute screen share to show the client data. Sarah offers to send an invoice and a calendar link for onboarding sessions."
chat.txt,2026-03-24 19:32:03,"Sarah asks Mike about his current CRM and how many hours he lost due to data entry. Mike says it is too expensive and too time consuming, but they discuss the integration of automation features and how it integrates with email systems. They also discuss a native integration for [Generation tool] and a 5-minute screen share to show the client data. Sarah offers to send an invoice and a calendar link for onboarding sessions."
chat.txt,2026-03-25 09:11:13,"Sarah asks Mike about his current CRM and how many hours he lost due to data entry. Mike says it is too expensive and too time consuming, but they discuss the integration of automation features and how it integrates with email systems. They also discuss a native integration for [Quad Tool] and a 5-minute screen share to show the client data. Sarah offers to send an invoice and a calendar link for onboarding sessions."
human_chat.txt,2026-03-25 09:18:11,"The speakers discuss their plans for the upcoming holiday season, including plans for a trip to a restaurant and a baking project, as well as their love for rainforest and their desire to decorate their Christmas trees with LED lights. They also discuss their plans for home decorating and staying healthy, including a trip to a store to buy a tree and their love for science and living for the best possible life. They share their past experiences with a scam and their current job as a mentor. They also discuss their plans for Christmas activities, including attending a skydiving lesson and a presentation, their love for ping-pong and their desire to drink hot chocolate, and their plans for the upcoming holiday season, including staying at home for celebrations and plans to travel to Mexico. They also talk about their love for Korean street foods and their desire to drink hot chocolate."
human_chat.txt,2026-03-25 09:19:07,"The speakers discuss their plans for the upcoming holiday season, including staying healthy and experiencing colorful Christmas trees. They express their love for rainforest and Korean street foods, including their desire to decorate their Christmas trees with LED lights. They also discuss their past experiences with a scam and their current job as a mentor. They share their love for history and architecture, plans for traveling the world, and their desire to drink hot chocolate and stay at work. They also discuss a book called Zero to One by Peter Thiel and its benefits for sleeping."
chat.txt,2026-03-26 08:30:03,"Sarah asks Mike about his current CRM and how many hours he lost due to data entry. Mike says it is too expensive and too time consuming, but they discuss the integration of automation features and how it integrates with email systems. They also discuss the potential for automation and scheduling an onboarding session."
chat.txt,2026-03-26 09:07:05,"Sarah asks Mike about his current CRM and how many hours he lost due to data entry. Mike says it is too expensive and too time consuming, but they discuss the integration of automation features and how it integrates with email systems. They also discuss a native integration for [ centers] and a 5-minute screen share to show Mike the integration. Mike agrees to try it for a month and receive an invoice and calendar link for onboarding."
chat.txt,2026-03-26 09:09:03,"Sarah asks Mike about his current CRM and how many hours he lost due to data entry. Mike says it is too expensive and too time consuming, but they discuss the integration of automation features and how it integrates with email systems. They also discuss a native integration for [Quad Tool] and a 5-minute screen share to show the client data. Sarah offers to send an invoice and a calendar link for onboarding sessions."
chat.txt,2026-03-26 09:18:01,"Sarah asks Mike about his current CRM and how many hours he lost due to data entry. Mike says it is too expensive and too time consuming, but they discuss the integration of automation features and how it integrates with email systems. They also discuss a native integration for [Quad Tool] and a 5-minute screen share to show the client data. Sarah offers to send an invoice and a calendar link for onboarding sessions."
human_chat.txt,2026-03-27 17:20:55,"The speakers discuss their plans for the upcoming holiday season, including plans for a trip to a restaurant and a baking project, traveling the world and donating money to charity, staying at home and learning about flower preferences, past experiences with a scam, and their love for Korean street foods. They also discuss their plans for Christmas activities, activities like movies and dinner, activities for Christmas celebrations, and their desire to drink hot chocolate. They share their past experiences with a scam and their current job as a mentor. They also talk about their love for history and architecture, their plans for travel, and their desire to stay at home for Christmas celebrations and travel to Mexico."
